{"cameraMode":{"drawMode":0,"name":"Shaded","section":"Shading Mode"},"sceneLighting":false,"audioPlay":false,"sceneViewState":{"m_AlwaysRefresh":false,"showFog":true,"showSkybox":false,"showFlares":true,"showImageEffects":true,"showParticleSystems":true,"showVisualEffectGraphs":true,"m_FxEnabled":true},"in2DMode":false,"pivot":{"x":2.507193088531494,"y":0.25228840112686159,"z":0.1863703429698944},"rotation":{"x":-0.14445433020591737,"y":0.2226620316505432,"z":-0.033380888402462009,"w":-0.9635564088821411},"size":2.0067508220672609,"orthographic":false}